run_name	source_path	size_bytes
standalone_ui_smoke_20260222T162856Z	TestEvidence/standalone_ui_smoke_20260222T162856Z	4784128
bl009_headphone_contract_20260222T204517Z	TestEvidence/bl009_headphone_contract_20260222T204517Z	3129344
bl009_headphone_contract_20260222T201645Z	TestEvidence/bl009_headphone_contract_20260222T201645Z	3129344
bl009_headphone_contract_20260222T202031Z	TestEvidence/bl009_headphone_contract_20260222T202031Z	3129344
bl009_headphone_contract_20260222T202245Z	TestEvidence/bl009_headphone_contract_20260222T202245Z	3129344
bl009_headphone_contract_20260222T195837Z	TestEvidence/bl009_headphone_contract_20260222T195837Z	3129344
bl009_headphone_contract_20260222T195852Z	TestEvidence/bl009_headphone_contract_20260222T195852Z	3129344
bl009_headphone_contract_20260222T200027Z	TestEvidence/bl009_headphone_contract_20260222T200027Z	3129344
bl009_headphone_contract_20260222T200040Z	TestEvidence/bl009_headphone_contract_20260222T200040Z	3129344
reaper_headless_render_20260223T011212Z	TestEvidence/reaper_headless_render_20260223T011212Z	2162688
ui_pr_gate_20260220T041501Z	TestEvidence/ui_pr_gate_20260220T041501Z	8192
ui_pr_gate_20260221T002339Z	TestEvidence/ui_pr_gate_20260221T002339Z	8192
ui_pr_gate_20260221T083650Z	TestEvidence/ui_pr_gate_20260221T083650Z	8192
ui_pr_gate_20260220T040540Z	TestEvidence/ui_pr_gate_20260220T040540Z	8192
ui_pr_gate_20260220T045202Z	TestEvidence/ui_pr_gate_20260220T045202Z	8192
